接口标识,AVG_V8101,AVG_V8104,AVG_变化,AVG_变化率
GET /iworkflow/v1/historys/user/list,129,884,755,585.27
POST /icompute/v1/global-content-repos/{globalContentId}/files/slice_upload,114,518,404,354.39
PUT /icompute/v1/vms/{vmId}/poweron,197,489,292,148.22
GET /itask/v1/tasks,77,192,115,149.35
GET /icompute/v1/vdc/{vdcId}/get-bind-center,38,137,99,260.53
PUT /inetwork/v1/nets/{netId},155,202,47,30.32
GET /istorage/imanila/v2/users,39,75,36,92.31
GET /istorage/imanila/v2/users/{id},44,78,34,77.27
POST /istorage/v1/objectstor/buckets,109,138,29,26.61
POST /icompute/v1/auto-scaling-group/add,89,110,21,23.6
PUT /icompute/v1/vms/{vmId}/poweroff,212,228,16,7.55
DELETE /icompute/v1/vms/{vmId},203,215,12,5.91
GET /istorage/v1/objectstor/buckets/{bucketId},62,74,12,19.35
GET /ibase/v1/serialnumbers/{snType},133,144,11,8.27
GET /ilog/v1/nodes/logs,26,36,10,38.46
GET /ilog/v1/icos/logs,26,36,10,38.46
GET /istorage/v1/objstor/accounts,45,53,8,17.78
GET /istorage/imanila/v2/shares/{shareId}/accesses,38,45,7,18.42
GET /icompute/v1/vms/ostrees/{dataCenterId},138,145,7,5.07
GET /istorage/imanila/v2/snapshots,43,50,7,16.28
GET /istorage/imanila/v2/snapshots/{snapshotId},61,67,6,9.84
GET /istellar/v1/restores/{backupId},50,56,6,12.0
GET /icompute/v1/topologys/borad/info,106,110,4,3.77
GET /istorage/imanila/v2/shares,32,36,4,12.5
GET /itask/v1/tasks/{taskid},38,41,3,7.89
POST /istorage/v1/objstor/accounts,191,194,3,1.57
GET /cspconfig/sdn/gateway_chassises,97,100,3,3.09
GET /istorage/v1/objstorObj/policy,41,43,2,4.88
GET /inetwork/v1/basenetworks,53,55,2,3.77
PUT /icompute/v1/auto-scaling-rule/modify/{ruleId},115,117,2,1.74
GET /ibase/v1/auth/endpoints/{regionId},65,64,-1,-1.54
GET /icompute/v1/baremetal/pool/list,34,32,-2,-5.88
GET /ibase/v1/sysconfig/params/secretKey,7,4,-3,-42.86
PUT /iresource-common/v1/quota/platforms/update/{type},37,34,-3,-8.11
GET /istorage/v1/objstor/accounts/{id},63,59,-4,-6.35
GET /istorage/v1/virtualVolume/snapshot/{sanpshotId},37,33,-4,-10.81
GET /istorage/v1/objectstor/buckets,84,80,-4,-4.76
GET /cspconfig/sdn/sdns,100,96,-4,-4.0
GET /icompute/v1/auto-scaling-group/new-vm-info/{id},73,68,-5,-6.85
GET /inetwork/v1/associated/subnet/{peeringId},64,59,-5,-7.81
GET /icatalog/v1/catalogs/{catalogId},15,9,-6,-40.0
GET /icompute/v1/multicloud/vms,35,29,-6,-17.14
GET /ibase/v1/notices,29,23,-6,-20.69
GET /iresource-common/v1/sso-systems/sso-system/pagelist,33,26,-7,-21.21
GET /inetwork/v1/nets/{netId},65,58,-7,-10.77
GET /icatalog/v1/external-services,22,14,-8,-36.36
GET /iregion/v2/regions/vdc/exist,34,26,-8,-23.53
GET /inetwork/v1/peering,45,37,-8,-17.78
GET /iregion/v1/regions,21,13,-8,-38.1
GET /ibase/v1/security/config,24,15,-9,-37.5
GET /ibase/v1/departments,26,17,-9,-34.62
GET /iunifycloud/v1/centers,64,55,-9,-14.06
GET /iresource-common/v1/quota/{platform},25,15,-10,-40.0
POST /icompute/v1/vms/getBySpecificCondition,103,93,-10,-9.71
GET /inetwork/v1/mirror,36,26,-10,-27.78
GET /ibase/v1/quota/platforms/template/{platform},25,15,-10,-40.0
GET /istellar/v1/backups/{backupId}/basicinfo,108,98,-10,-9.26
GET /icatalog/v1/instances,127,117,-10,-7.87
GET /icompute/v1/vdc/{vdcId}/subVdcs,35,24,-11,-31.43
GET /istorage/v1/virtualVolume/backup/{backupId},60,49,-11,-18.33
GET /icompute/v1/websites,43,32,-11,-25.58
GET /icompute/v1/auto-scaling-rule/detail/{ruleId},91,80,-11,-12.09
GET /ibase/v1/sysconfig/loadPicture,25,14,-11,-44.0
GET /icompute/v1/clusters,55,43,-12,-21.82
GET /isync/v1/getConf,31,19,-12,-38.71
GET /ibase/v1/roles,31,19,-12,-38.71
GET /inetwork/v1/vpcs,32,19,-13,-40.62
GET /ireport/v1/reporttasks/{reporttaskId},45,32,-13,-28.89
GET /inetwork/v1/firewall_rules/getList/{firewallId},32,19,-13,-40.62
DELETE /icompute/v1/auto-scaling-rule/delete/{ruleId},192,179,-13,-6.77
GET /icompute/v1/global-content-repos,57,44,-13,-22.81
GET /inetwork/v1/routers,36,23,-13,-36.11
GET /ibase/v1/sysconfig/params,31,17,-14,-45.16
GET /ilog/v1/releases/logs,69,55,-14,-20.29
GET /icharge/v1/bills/system/days,106,92,-14,-13.21
GET /ibase/v1/resource/platforms,31,16,-15,-48.39
GET /istorage/imanila/v2/shares/{shareId},75,60,-15,-20.0
POST /icompute/v1/vms/ip/check,116,100,-16,-13.79
GET /iworkflow/v1/orders/{orderId},55,39,-16,-29.09
GET /incloudhub/v1/replication/policies,47,31,-16,-34.04
GET /icompute/v1/topologys/vms,79,63,-16,-20.25
GET /cspconfig/sdn/websites,57,41,-16,-28.07
GET /icompute/v1/global-content-repos/{id}/files,47,31,-16,-34.04
POST /istorage/imanila/v2/shares,147,130,-17,-11.56
GET /incloudhub/v1/packages,51,34,-17,-33.33
GET /incloudhub/v1/charts,44,27,-17,-38.64
GET /ibase/v1/auth/domains,34,17,-17,-50.0
GET /icharge/v1/resusages/resource/by-rate,176,159,-17,-9.66
GET /icompute/v1/auto-scaling-group/list,59,42,-17,-28.81
GET /inetwork/v1/security-group-rule,34,16,-18,-52.94
GET /icompute/v1/auto-scaling-rule/list,57,39,-18,-31.58
GET /ibase/v1/vdcs/{vdcId},40,22,-18,-45.0
GET /inetwork/v1/dcGateway/getBydcIdList,43,24,-19,-44.19
GET /icharge/v1/serviceprices,49,30,-19,-38.78
GET /cspconfig/sdn/sdns/{sdn_id},104,85,-19,-18.27
GET /inetwork/v1/security-group,58,39,-19,-32.76
GET /istorage/v1/virtualVolume/{volumeId}/plantask,65,45,-20,-30.77
DELETE /icompute/v1/auto-scaling-group/delete/{id},120,100,-20,-16.67
GET /inetwork/v1/balancers/{balancerId},53,32,-21,-39.62
GET /incloudhub/v1/packages/configs/{groupCode},55,34,-21,-38.18
GET /istorage/v1/virtualVolume/{volumeId},77,56,-21,-27.27
GET /incloudhub/v1/packages/{packageId},65,44,-21,-32.31
GET /inetwork/v1/nets/physicalnetwork,63,42,-21,-33.33
GET /incloudhub/v1/imagerepos/vulnerability/switch,64,42,-22,-34.38
GET /inetwork/v1/dc,53,31,-22,-41.51
GET /iregion/v2/regions/group/exist,72,50,-22,-30.56
GET /inetwork/v1/basenetworks/check-vlan,53,31,-22,-41.51
PUT /istorage/v1/objstorObj/upload-check,542,520,-22,-4.06
POST /ibase/v1/auth/tokens,74,52,-22,-29.73
GET /icompute/v1/vmbackups/backups,108,86,-22,-20.37
GET /icompute/v1/auto-scaling-group/detail/{id},125,102,-23,-18.4
GET /iedgegrid/v1/configmaps,35,12,-23,-65.71
GET /inetwork/v1/dc/{dcId},71,48,-23,-32.39
GET /iresource-common/v1/tags,68,44,-24,-35.29
GET /icatalog/v1/catalogs,113,89,-24,-21.24
GET /istorage/v1/thrid-stor,64,40,-24,-37.5
GET /iedgegrid/v1/secrets,35,11,-24,-68.57
GET /icompute/v1/baremetal/node/{id}/device,65,40,-25,-38.46
GET /incloudhub/v1/imagerepos,68,43,-25,-36.76
GET /icharge/v1/bills/users/{userId},159,133,-26,-16.35
GET /ibase/v1/serialnumbers/lic/status/{type},121,95,-26,-21.49
PUT /icompute/v1/auto-scaling-group/modify/{groupId},121,95,-26,-21.49
POST /istorage/v1/virtualVolume/{volumeId}/plantask,106,80,-26,-24.53
POST /icompute/v1/multicloud/vms/create,163,137,-26,-15.95
GET /iai/v1/llmservices/{instanceId}/detail,54,27,-27,-50.0
GET /icompute/v1/vhosts/{hostId}/cpumodels,141,114,-27,-19.15
DELETE /ireport/v1/reporttasks/{reporttaskId},68,41,-27,-39.71
GET /ibase/v1/availableZones,116,89,-27,-23.28
GET /iai/v1/models/{modelId},52,25,-27,-51.92
GET /istorage/imanila/v2/pools,51,24,-27,-52.94
GET /icharge/v1/bills/overview,84,56,-28,-33.33
GET /iedgegrid/v1/pvcs,49,21,-28,-57.14
GET /iai/v1/models,43,15,-28,-65.12
GET /icompute/v1/imagerepos/dataCenter/repos,83,55,-28,-33.73
GET /inetwork/v1/resources/overview,69,41,-28,-40.58
GET /iedgegrid/v1/region/edgeapplications,65,37,-28,-43.08
GET /icompute/v1/vmbackups/{backupId}/detail,120,92,-28,-23.33
POST /icompute/v1/imagerepos/{id}/files/slice_upload,146,117,-29,-19.86
GET /irag-mgr/v1/datasets/{dataset_id}/documents,72,43,-29,-40.28
GET /inetwork/v1/nat64,43,14,-29,-67.44
GET /icharge/v1/bills/resources/{resType}/{resId}/days,112,82,-30,-26.79
POST /istorage/v1/virtualVolume/backup,129,99,-30,-23.26
GET /iai/v1/llmservices,50,19,-31,-62.0
GET /irag-mgr/v1/apps,102,71,-31,-30.39
GET /icompute/v1/vms/cpuArchType/{dataCenterId},80,49,-31,-38.75
POST /icompute/v1/auto-scaling-rule/add,95,64,-31,-32.63
GET /inetwork/v1/nat,71,40,-31,-43.66
GET /icompute/v1/topologys/borad/centerAndHostResource,94,63,-31,-32.98
GET /ibase/v1/auth/vdcs,57,25,-32,-56.14
GET /inetwork/v1/sdn/type,101,69,-32,-31.68
GET /icompute/v1/multicloud/vms/{id},102,69,-33,-32.35
GET /istorage/v1/virtualVolume,77,44,-33,-42.86
DELETE /icompute/v1/imagerepos/{imageRepoId}/files/{id},121,87,-34,-28.1
DELETE /inetwork/v1/dcGateway/delete/{dcGatewayId},118,84,-34,-28.81
GET /icompute/v1/vm-template/page-list,75,41,-34,-45.33
GET /icompute/v1/datacenters/{dcId}/vhosts/available,186,152,-34,-18.28
GET /icompute/v1/vms/{id},110,75,-35,-31.82
GET /ibase/v1/menuV2/user/menu,166,131,-35,-21.08
DELETE /istorage/v1/objstor/accounts/{id},116,81,-35,-30.17
GET /icompute/v1/auto-scaling-group/bind-vm/{id},67,29,-38,-56.72
GET /inetwork/v1/listeners,117,79,-38,-32.48
GET /icompute/v1/datacenters/simple,98,59,-39,-39.8
GET /istorage/v1/datastores/chart/{storeId},67,26,-41,-61.19
POST /istorage/v1/virtualVolume,219,178,-41,-18.72
GET /icompute/v1/quota/{vdcId}/{resType},101,60,-41,-40.59
GET /icompute/v1/vhosts/{id},100,59,-41,-41.0
GET /iedgegrid/v1/region/edgeapplications/{workLoadId}/components,105,64,-41,-39.05
GET /iedgegrid/v1/pods,139,97,-42,-30.22
GET /icompute/v1/imagerepos/{id}/files,79,36,-43,-54.43
GET /icharge/v1/bills/resources,299,255,-44,-14.72
DELETE /istorage/v1/virtualVolume/delete/{id},148,104,-44,-29.73
POST /ireport/v1/reporttasks,102,57,-45,-44.12
GET /inetwork/v1/floatingips,74,28,-46,-62.16
GET /itask/v1/events,103,54,-49,-47.57
GET /icompute/v1/vms/device-monitor/{vmId},136,86,-50,-36.76
GET /inetwork/v1/basenetworks/in-site-or-host/{siteId},93,42,-51,-54.84
POST /iworkflow/v1/orders/{orderId}/passOrder,584,531,-53,-9.08
POST /inetwork/v1/peering,149,94,-55,-36.91
GET /inetwork/v1/vpcs/{vpcId},123,68,-55,-44.72
PUT /iedgegrid/v1/region/edgeapplications/{workloadId}/upgrade,158,102,-56,-35.44
GET /istorage/v1/datastores,133,76,-57,-42.86
GET /inetwork/v1/qos/policies,98,40,-58,-59.18
GET /ibase/v1/logs,152,94,-58,-38.16
GET /icompute/v1/websites/{siteId},142,82,-60,-42.25
PUT /icompute/v1/vms/{id}/modify,350,290,-60,-17.14
GET /iedgegrid/v1/deployments,133,73,-60,-45.11
GET /icompute/v1/vm-template/detail/{id},151,91,-60,-39.74
PUT /iedgegrid/v1/deployments/{deploymentId}/upgrade,294,233,-61,-20.75
GET /istorage/v1/objstorObj/list/{containerId},355,293,-62,-17.46
GET /incloudhub/v1/replication/policies/{policyId}/exec,113,50,-63,-55.75
GET /icompute/v1/topologys/borad/vmAndImageResource,162,99,-63,-38.89
GET /iedgegrid/v1/workloads/{loadId}/pod/details,219,156,-63,-28.77
GET /inetwork/v1/pools,162,99,-63,-38.89
GET /inetwork/v1/healthmonitors/{poolId},254,189,-65,-25.59
GET /inetwork/v1/nat/dnat/{natId},118,51,-67,-56.78
GET /inetwork/v2/platform-quota/{vdcId},176,105,-71,-40.34
GET /istorage/imanila/v2/platform-quota/{vdcId},173,100,-73,-42.2
GET /inetwork/v1/nets,118,44,-74,-62.71
GET /icompute/v1/baremetal/{id}/vpcInfo,134,60,-74,-55.22
GET /inetwork/v1/pools/{listenerId},222,148,-74,-33.33
GET /ibase/v1/resource/resources,499,424,-75,-15.03
GET /incloudhub/v1/imagerepos/{repoid}/images,239,160,-79,-33.05
GET /icompute/v1/baremetal/{id},122,43,-79,-64.75
GET /istorage/v1/datastores/{storeId},169,89,-80,-47.34
DELETE /ibase/v1/vdcs/{vdcId},182,100,-82,-45.05
GET /icompute/v1/vms,170,87,-83,-48.82
GET /icatalog/v1/instances/{serviceInstanceId},258,175,-83,-32.17
POST /iedgegrid/v1/region/edgeapplications,227,143,-84,-37.0
GET /inetwork/v1/floatingips/{floatingipId},180,95,-85,-47.22
GET /inetwork/v1/listeners/{listenerId},232,146,-86,-37.07
GET /inetwork/v1/l7policies,288,201,-87,-30.21
GET /inetwork/v1/ipSecVpn,141,53,-88,-62.41
GET /ireport/v1/reportdata/lists,302,201,-101,-33.44
GET /istorage/icinder/v1/resources/statistics-capacity,187,86,-101,-54.01
GET /iedgegrid/v1/vdcs/{vdcId}/quotas,199,96,-103,-51.76
POST /inetwork/v1/ports/reserved,215,111,-104,-48.37
DELETE /ibase/v1/users/{userId},515,400,-115,-22.33
GET /inetwork/v1/ports/allowedAddressPairs/{netId}/{portMor},198,83,-115,-58.08
GET /ibase/v1/vdcs,222,106,-116,-52.25
GET /istorage/v1/datastores/{storeId}/host,264,147,-117,-44.32
GET /icompute/v1/topologys/borad/cpuAndMemResource,341,223,-118,-34.6
GET /inetwork/v1/nat64/{nat64Id},254,135,-119,-46.85
GET /inetwork/v1/nat/{natId},365,246,-119,-32.6
POST /iedgegrid/v1/deployments,288,168,-120,-41.67
POST /icompute/v1/vms,472,346,-126,-26.69
GET /icompute/v1/vhosts,209,73,-136,-65.07
GET /inetwork/v1/balancer/getVmListById/{balancerId},348,208,-140,-40.23
GET /inetwork/v1/balancers,243,99,-144,-59.26
GET /icompute/v1/imagerepos,260,115,-145,-55.77
GET /incloudhub/v1/imagerepos/{repoid}/images/{imagename}/versions/{versionname}/detail,365,212,-153,-41.92
POST /ibase/v1/vdcs,395,237,-158,-40.0
GET /inetwork/v1/nets/subnet/list,271,105,-166,-61.25
GET /cspconfig/manila/status,263,92,-171,-65.02
POST /inetwork/v1/floatingips,387,215,-172,-44.44
GET /istorage/v1/virtualVolume/{volumeId}/plantask/{taskId}/log,256,74,-182,-71.09
GET /icompute/v1/vdc/centers/{centerId}/page,331,136,-195,-58.91
POST /inetwork/v1/nat,468,271,-197,-42.09
POST /inetwork/v1/listeners,621,416,-205,-33.01
POST /ibase/v1/users/{userId}/roles,417,200,-217,-52.04
GET /inetwork/v1/routers/{routerId},336,119,-217,-64.58
GET /inetwork/v1/poolmembers,589,353,-236,-40.07
GET /inetwork/v1/ports/reserved,457,183,-274,-59.96
GET /incloudhub/v1/imagerepos/{repoid}/images/{imagename}/versions,483,209,-274,-56.73
DELETE /inetwork/v1/nets/{netId},606,259,-347,-57.26
DELETE /incloudhub/v1/imagerepos/{repoid}/images/{imagename},673,321,-352,-52.3
GET /istellar/v1/backups,825,465,-360,-43.64
GET /inetwork/v1/ports,632,193,-439,-69.46
POST /inetwork/v1/nets,853,362,-491,-57.56
GET /itask/v1/tasks/recent/list,594,102,-492,-82.83
PUT /inetwork/v1/ports/{portMor},866,358,-508,-58.66
POST /inetwork/v1/associated/subnet,1740,1223,-517,-29.71
POST /inetwork/v1/ports/allowedAddressPairs,1250,667,-583,-46.64
DELETE /inetwork/v1/vpcs/{vpcId},1492,771,-721,-48.32
DELETE /inetwork/v1/floatingips/{floatingipId},1457,722,-735,-50.45
POST /inetwork/v1/ports,1550,729,-821,-52.97
GET /inetwork/v1/nets/unUsedSegmentIds/{type},1159,303,-856,-73.86
DELETE /inetwork/v1/ports/{portMor}/port,1678,673,-1005,-59.89
POST /inetwork/v1/vpcs,1906,816,-1090,-57.19
GET /istorage/v1/objstorObj/policy/{policyId},1575,367,-1208,-76.7
DELETE /inetwork/v1/ports/{reservedMor}/reserved,2800,1088,-1712,-61.14
DELETE /inetwork/v1/nat/{natId},4505,2066,-2439,-54.14
