接口标识,TP95_V8101,TP95_V8104,TP95_变化,TP95_变化率
GET /icharge/v1/bills/users/{userId},560,5000,4440,792.86
GET /icharge/v1/bills/system/days,659,4678,4019,609.86
GET /iworkflow/v1/historys/user/list,778,4248,3470,446.02
PUT /icompute/v1/vms/{vmId}/poweron,327,2135,1808,552.91
DELETE /icompute/v1/vms/{vmId},1501,2815,1314,87.54
GET /itask/v1/tasks,419,1726,1307,311.93
GET /icharge/v1/bills/overview,526,1691,1165,221.48
POST /iworkflow/v1/orders/{orderId}/passOrder,1344,2473,1129,84.0
POST /icompute/v1/global-content-repos/{globalContentId}/files/slice_upload,1081,2085,1004,92.88
PUT /istorage/v1/objstorObj/upload-check,809,1775,966,119.41
PUT /icompute/v1/vms/{id}/modify,1122,2063,941,83.87
GET /ibase/v1/serialnumbers/{snType},217,916,699,322.12
POST /istorage/v1/virtualVolume/backup,227,919,692,304.85
POST /istorage/v1/objectstor/buckets,200,828,628,314.0
DELETE /icompute/v1/auto-scaling-rule/delete/{ruleId},575,1183,608,105.74
GET /istorage/v1/objstorObj/list/{containerId},471,1046,575,122.08
GET /incloudhub/v1/imagerepos/{repoid}/images/{imagename}/versions/{versionname}/detail,637,1203,566,88.85
POST /istorage/v1/virtualVolume,377,930,553,146.68
POST /inetwork/v1/peering,471,1016,545,115.71
GET /istorage/v1/objectstor/buckets,186,715,529,284.41
GET /istorage/v1/objectstor/buckets/{bucketId},160,667,507,316.88
POST /istorage/v1/objstor/accounts,321,816,495,154.21
POST /icompute/v1/auto-scaling-group/add,312,801,489,156.73
GET /inetwork/v1/l7policies,637,1108,471,73.94
DELETE /istorage/v1/virtualVolume/delete/{id},437,896,459,105.03
GET /istorage/imanila/v2/users/{id},97,544,447,460.82
GET /istellar/v1/backups/{backupId}/basicinfo,212,643,431,203.3
GET /icompute/v1/auto-scaling-rule/detail/{ruleId},155,581,426,274.84
GET /ibase/v1/notices,87,509,422,485.06
GET /istorage/imanila/v2/shares/{shareId},170,587,417,245.29
PUT /icompute/v1/auto-scaling-rule/modify/{ruleId},198,601,403,203.54
GET /istorage/v1/virtualVolume/{volumeId},151,551,400,264.9
GET /istellar/v1/backups,1735,2130,395,22.77
GET /istorage/imanila/v2/snapshots/{snapshotId},145,531,386,266.21
GET /cspconfig/sdn/sdns/{sdn_id},198,577,379,191.41
GET /icompute/v1/multicloud/vms/{id},518,893,375,72.39
GET /icompute/v1/auto-scaling-group/new-vm-info/{id},136,504,368,270.59
GET /istellar/v1/restores/{backupId},131,497,366,279.39
GET /iresource-common/v1/sso-systems/sso-system/pagelist,77,432,355,461.04
DELETE /istorage/v1/objstor/accounts/{id},511,832,321,62.82
GET /istorage/v1/objstorObj/policy,125,442,317,253.6
GET /inetwork/v1/balancers,538,851,313,58.18
GET /cspconfig/sdn/sdns,190,501,311,163.68
GET /istorage/v1/virtualVolume/backup/{backupId},120,429,309,257.5
GET /inetwork/v1/associated/subnet/{peeringId},131,440,309,235.88
GET /istorage/v1/objstor/accounts/{id},132,439,307,232.58
GET /inetwork/v1/balancers/{balancerId},103,404,301,292.23
GET /incloudhub/v1/packages/{packageId},137,436,299,218.25
POST /istorage/imanila/v2/shares,496,794,298,60.08
GET /istorage/imanila/v2/users,123,418,295,239.84
POST /icompute/v1/vms,872,1160,288,33.03
GET /cspconfig/sdn/gateway_chassises,239,520,281,117.57
GET /istorage/v1/thrid-stor,256,536,280,109.38
PUT /icompute/v1/auto-scaling-group/modify/{groupId},325,595,270,83.08
GET /istorage/imanila/v2/shares/{shareId}/accesses,100,369,269,269.0
POST /icompute/v1/auto-scaling-rule/add,168,430,262,155.95
GET /incloudhub/v1/packages/configs/{groupCode},113,374,261,230.97
POST /istorage/v1/virtualVolume/{volumeId}/plantask,210,468,258,122.86
GET /irag-mgr/v1/apps,458,712,254,55.46
GET /iregion/v2/regions/vdc/exist,56,308,252,450.0
GET /icompute/v1/topologys/vms,218,465,247,113.3
GET /inetwork/v1/peering,109,345,236,216.51
GET /inetwork/v1/balancer/getVmListById/{balancerId},583,797,214,36.71
GET /inetwork/v1/poolmembers,1170,1382,212,18.12
GET /inetwork/v1/listeners,243,451,208,85.6
GET /icompute/v1/auto-scaling-group/list,130,333,203,156.15
GET /istorage/v1/virtualVolume/snapshot/{sanpshotId},94,297,203,215.96
GET /istorage/v1/objstor/accounts,123,324,201,163.41
GET /itask/v1/tasks/{taskid},113,308,195,172.57
GET /icompute/v1/vdc/{vdcId}/get-bind-center,200,393,193,96.5
GET /istorage/imanila/v2/shares,81,265,184,227.16
POST /icompute/v1/multicloud/vms/create,350,526,176,50.29
GET /istorage/imanila/v2/snapshots,110,283,173,157.27
GET /inetwork/v1/basenetworks/check-vlan,116,284,168,144.83
GET /incloudhub/v1/packages,122,289,167,136.89
POST /ibase/v1/auth/tokens,140,287,147,105.0
GET /cspconfig/sdn/websites,137,281,144,105.11
GET /incloudhub/v1/imagerepos,179,323,144,80.45
GET /incloudhub/v1/replication/policies/{policyId}/exec,209,351,142,67.94
GET /ilog/v1/releases/logs,284,415,131,46.13
GET /inetwork/v1/nets/physicalnetwork,136,265,129,94.85
GET /iunifycloud/v1/centers,514,640,126,24.51
GET /ilog/v1/icos/logs,73,198,125,171.23
DELETE /ibase/v1/users/{userId},943,1068,125,13.26
GET /inetwork/v1/healthmonitors/{poolId},533,653,120,22.51
GET /inetwork/v1/basenetworks,130,249,119,91.54
GET /inetwork/v1/nat,190,306,116,61.05
GET /icatalog/v1/catalogs,561,676,115,20.5
DELETE /icompute/v1/auto-scaling-group/delete/{id},454,567,113,24.89
GET /icompute/v1/baremetal/pool/list,87,198,111,127.59
POST /inetwork/v1/nat,1216,1324,108,8.88
GET /iworkflow/v1/orders/{orderId},213,315,102,47.89
GET /inetwork/v1/pools,295,397,102,34.58
GET /icompute/v1/datacenters/{dcId}/vhosts/available,564,665,101,17.91
GET /icatalog/v1/instances,296,394,98,33.11
GET /icompute/v1/auto-scaling-rule/list,156,254,98,62.82
GET /icompute/v1/global-content-repos,170,266,96,56.47
GET /icompute/v1/vms/ostrees/{dataCenterId},589,685,96,16.3
GET /inetwork/v1/nat/{natId},739,828,89,12.04
GET /ibase/v1/serialnumbers/lic/status/{type},455,543,88,19.34
GET /inetwork/v1/listeners/{listenerId},518,599,81,15.64
GET /inetwork/v1/nets/{netId},400,475,75,18.75
GET /ibase/v1/roles,60,132,72,120.0
GET /iregion/v2/regions/group/exist,141,213,72,51.06
GET /inetwork/v1/routers,115,183,68,59.13
GET /inetwork/v1/vpcs,81,148,67,82.72
GET /iedgegrid/v1/workloads/{loadId}/pod/details,424,491,67,15.8
DELETE /inetwork/v1/dcGateway/delete/{dcGatewayId},435,501,66,15.17
GET /icompute/v1/global-content-repos/{id}/files,130,195,65,50.0
GET /iresource-common/v1/tags,157,222,65,41.4
GET /icompute/v1/quota/{vdcId}/{resType},441,506,65,14.74
GET /ibase/v1/quota/platforms/template/{platform},54,105,51,94.44
GET /icatalog/v1/instances/{serviceInstanceId},482,532,50,10.37
GET /inetwork/v1/pools/{listenerId},499,544,45,9.02
GET /incloudhub/v1/replication/policies,161,203,42,26.09
GET /inetwork/v1/resources/overview,277,318,41,14.8
GET /icompute/v1/auto-scaling-group/detail/{id},225,266,41,18.22
GET /incloudhub/v1/imagerepos/vulnerability/switch,148,189,41,27.7
GET /itask/v1/events,217,258,41,18.89
GET /istorage/v1/datastores/{storeId}/host,561,601,40,7.13
GET /ibase/v1/auth/endpoints/{regionId},93,131,38,40.86
GET /icompute/v1/websites/{siteId},588,626,38,6.46
GET /iedgegrid/v1/pods,227,262,35,15.42
DELETE /ibase/v1/vdcs/{vdcId},643,674,31,4.82
POST /icompute/v1/vms/getBySpecificCondition,571,599,28,4.9
GET /ibase/v1/sysconfig/params,93,119,26,27.96
DELETE /incloudhub/v1/imagerepos/{repoid}/images/{imagename},1232,1255,23,1.87
GET /inetwork/v1/security-group,124,143,19,15.32
GET /icompute/v1/vm-template/page-list,194,212,18,9.28
GET /ibase/v1/availableZones,553,571,18,3.25
GET /iresource-common/v1/quota/{platform},48,64,16,33.33
GET /inetwork/v1/ipSecVpn,354,367,13,3.67
GET /iedgegrid/v1/deployments,243,255,12,4.94
GET /ibase/v1/sysconfig/params/secretKey,16,28,12,75.0
GET /icompute/v1/clusters,135,141,6,4.44
GET /icompute/v1/vhosts/{hostId}/cpumodels,624,630,6,0.96
PUT /iresource-common/v1/quota/platforms/update/{type},53,56,3,5.66
GET /ibase/v1/departments,51,53,2,3.92
GET /icharge/v1/bills/resources,911,912,1,0.11
GET /ibase/v1/security/config,50,46,-4,-8.0
GET /iregion/v1/regions,39,33,-6,-15.38
GET /ilog/v1/nodes/logs,119,113,-6,-5.04
GET /icatalog/v1/external-services,42,35,-7,-16.67
GET /icompute/v1/websites,180,172,-8,-4.44
GET /inetwork/v1/dcGateway/getBydcIdList,104,96,-8,-7.69
GET /icompute/v1/vdc/{vdcId}/subVdcs,90,81,-9,-10.0
GET /inetwork/v1/firewall_rules/getList/{firewallId},77,68,-9,-11.69
GET /ibase/v1/sysconfig/loadPicture,48,37,-11,-22.92
GET /istorage/imanila/v2/platform-quota/{vdcId},660,647,-13,-1.97
GET /isync/v1/getConf,52,38,-14,-26.92
GET /ibase/v1/vdcs/{vdcId},94,79,-15,-15.96
GET /icatalog/v1/catalogs/{catalogId},82,65,-17,-20.73
GET /inetwork/v1/sdn/type,575,557,-18,-3.13
GET /inetwork/v2/platform-quota/{vdcId},668,650,-18,-2.69
GET /ibase/v1/resource/platforms,58,40,-18,-31.03
GET /inetwork/v1/vpcs/{vpcId},570,550,-20,-3.51
DELETE /ireport/v1/reporttasks/{reporttaskId},161,140,-21,-13.04
GET /icompute/v1/vhosts/{id},463,442,-21,-4.54
GET /icharge/v1/serviceprices,106,83,-23,-21.7
GET /inetwork/v1/mirror,111,87,-24,-21.62
GET /ibase/v1/auth/domains,63,38,-25,-39.68
POST /icompute/v1/imagerepos/{id}/files/slice_upload,1115,1087,-28,-2.51
GET /icompute/v1/multicloud/vms,133,103,-30,-22.56
GET /icompute/v1/vms/cpuArchType/{dataCenterId},130,100,-30,-23.08
POST /icompute/v1/vms/ip/check,264,232,-32,-12.12
GET /ibase/v1/vdcs,608,573,-35,-5.76
GET /icompute/v1/baremetal/node/{id}/device,126,91,-35,-27.78
GET /incloudhub/v1/charts,155,119,-36,-23.23
GET /ireport/v1/reporttasks/{reporttaskId},116,78,-38,-32.76
GET /ibase/v1/menuV2/user/menu,242,202,-40,-16.53
GET /iai/v1/llmservices/{instanceId}/detail,108,68,-40,-37.04
GET /iedgegrid/v1/vdcs/{vdcId}/quotas,683,642,-41,-6.0
GET /istorage/v1/virtualVolume/{volumeId}/plantask,150,109,-41,-27.33
GET /istorage/imanila/v2/pools,133,92,-41,-30.83
DELETE /icompute/v1/imagerepos/{imageRepoId}/files/{id},622,580,-42,-6.75
GET /inetwork/v1/dc,131,88,-43,-32.82
GET /inetwork/v1/security-group-rule,119,72,-47,-39.5
GET /icompute/v1/vmbackups/{backupId}/detail,299,252,-47,-15.72
GET /iedgegrid/v1/pvcs,108,59,-49,-45.37
GET /iai/v1/models,117,67,-50,-42.74
GET /icompute/v1/imagerepos/dataCenter/repos,220,169,-51,-23.18
GET /icompute/v1/topologys/borad/info,689,638,-51,-7.4
GET /istorage/v1/datastores/chart/{storeId},137,81,-56,-40.88
GET /iai/v1/llmservices,128,72,-56,-43.75
GET /inetwork/v1/nat64,130,73,-57,-43.85
GET /iedgegrid/v1/region/edgeapplications,162,103,-59,-36.42
GET /inetwork/v1/floatingips,159,99,-60,-37.74
GET /icompute/v1/datacenters/simple,204,142,-62,-30.39
GET /icompute/v1/vms/{id},199,137,-62,-31.16
GET /iedgegrid/v1/configmaps,114,51,-63,-55.26
GET /irag-mgr/v1/datasets/{dataset_id}/documents,162,99,-63,-38.89
GET /istorage/v1/datastores,371,305,-66,-17.79
GET /icompute/v1/topologys/borad/cpuAndMemResource,885,819,-66,-7.46
GET /iedgegrid/v1/secrets,122,51,-71,-58.2
GET /ibase/v1/auth/vdcs,131,58,-73,-55.73
GET /icompute/v1/auto-scaling-group/bind-vm/{id},144,71,-73,-50.69
GET /inetwork/v1/qos/policies,325,247,-78,-24.0
GET /inetwork/v1/nets,405,326,-79,-19.51
GET /icharge/v1/bills/resources/{resType}/{resId}/days,210,131,-79,-37.62
GET /icompute/v1/topologys/borad/centerAndHostResource,646,566,-80,-12.38
GET /icompute/v1/vms/device-monitor/{vmId},239,153,-86,-35.98
GET /icompute/v1/vms,499,413,-86,-17.23
GET /incloudhub/v1/imagerepos/{repoid}/images/{imagename}/versions,894,800,-94,-10.51
GET /istorage/icinder/v1/resources/statistics-capacity,755,658,-97,-12.85
GET /inetwork/v1/basenetworks/in-site-or-host/{siteId},282,180,-102,-36.17
GET /inetwork/v1/dc/{dcId},217,112,-105,-48.39
GET /icompute/v1/topologys/borad/vmAndImageResource,758,647,-111,-14.64
GET /icompute/v1/vmbackups/backups,433,319,-114,-26.33
GET /icompute/v1/imagerepos/{id}/files,289,171,-118,-40.83
GET /iai/v1/models/{modelId},210,90,-120,-57.14
POST /iedgegrid/v1/region/edgeapplications,674,550,-124,-18.4
GET /istorage/v1/datastores/{storeId},492,367,-125,-25.41
GET /incloudhub/v1/imagerepos/{repoid}/images,1096,948,-148,-13.5
POST /inetwork/v1/ports/reserved,721,572,-149,-20.67
GET /cspconfig/manila/status,505,355,-150,-29.7
GET /iedgegrid/v1/region/edgeapplications/{workLoadId}/components,409,254,-155,-37.9
GET /istorage/v1/virtualVolume/{volumeId}/plantask/{taskId}/log,464,303,-161,-34.7
GET /icompute/v1/vhosts,562,394,-168,-29.89
GET /inetwork/v1/nat/dnat/{natId},319,145,-174,-54.55
GET /icompute/v1/baremetal/{id}/vpcInfo,367,192,-175,-47.68
GET /icompute/v1/vm-template/detail/{id},484,303,-181,-37.4
GET /istorage/v1/objstorObj/policy/{policyId},3909,3725,-184,-4.71
GET /icharge/v1/resusages/resource/by-rate,626,438,-188,-30.03
GET /inetwork/v1/ports/allowedAddressPairs/{netId}/{portMor},570,369,-201,-35.26
GET /ibase/v1/resource/resources,1347,1143,-204,-15.14
PUT /iedgegrid/v1/region/edgeapplications/{workloadId}/upgrade,583,373,-210,-36.02
PUT /iedgegrid/v1/deployments/{deploymentId}/upgrade,795,583,-212,-26.67
GET /icompute/v1/baremetal/{id},437,222,-215,-49.2
GET /inetwork/v1/nat64/{nat64Id},708,479,-229,-32.34
POST /ireport/v1/reporttasks,355,123,-232,-65.35
GET /icompute/v1/vdc/centers/{centerId}/page,570,335,-235,-41.23
POST /iedgegrid/v1/deployments,755,509,-246,-32.58
POST /inetwork/v1/floatingips,986,723,-263,-26.67
GET /inetwork/v1/nets/subnet/list,875,579,-296,-33.83
GET /inetwork/v1/floatingips/{floatingipId},670,362,-308,-45.97
GET /icompute/v1/imagerepos,732,402,-330,-45.08
POST /inetwork/v1/listeners,1458,1062,-396,-27.16
GET /ireport/v1/reportdata/lists,1610,1092,-518,-32.17
GET /ibase/v1/logs,1160,633,-527,-45.43
DELETE /inetwork/v1/nets/{netId},1706,1057,-649,-38.04
GET /inetwork/v1/routers/{routerId},1241,557,-684,-55.12
GET /istorage/v1/virtualVolume,903,193,-710,-78.63
POST /inetwork/v1/nets,2474,1445,-1029,-41.59
GET /inetwork/v1/ports/reserved,1930,893,-1037,-53.73
GET /inetwork/v1/ports,1882,785,-1097,-58.29
DELETE /inetwork/v1/vpcs/{vpcId},3324,2223,-1101,-33.12
POST /ibase/v1/users/{userId}/roles,2279,1149,-1130,-49.58
GET /itask/v1/tasks/recent/list,1801,609,-1192,-66.19
DELETE /inetwork/v1/ports/{reservedMor}/reserved,4756,3365,-1391,-29.25
GET /inetwork/v1/nets/unUsedSegmentIds/{type},2582,954,-1628,-63.05
POST /inetwork/v1/ports/allowedAddressPairs,3147,1503,-1644,-52.24
POST /inetwork/v1/vpcs,3919,2260,-1659,-42.33
DELETE /inetwork/v1/floatingips/{floatingipId},3829,1940,-1889,-49.33
PUT /inetwork/v1/nets/{netId},4266,2058,-2208,-51.76
PUT /inetwork/v1/ports/{portMor},4131,1802,-2329,-56.38
POST /ibase/v1/vdcs,4223,1119,-3104,-73.5
POST /inetwork/v1/ports,5040,1851,-3189,-63.27
DELETE /inetwork/v1/ports/{portMor}/port,5106,1468,-3638,-71.25
POST /inetwork/v1/associated/subnet,8215,4229,-3986,-48.52
DELETE /inetwork/v1/nat/{natId},11905,4477,-7428,-62.39
PUT /icompute/v1/vms/{vmId}/poweroff,15265,2854,-12411,-81.3
